<?xml version="1.0" encoding="UTF-8" ?>
<!DOCTYPE mapper PUBLIC "-//mybatis.org//DTD Mapper 3.0//EN"
        "http://mybatis.org/dtd/mybatis-3-mapper.dtd">

<mapper namespace="cn.tx.mapper.UserMapper">



    <insert id="insert" parameterType="User">
      insert into my_user values(null, #{username},  #{password}, #{pAddr}, #{gender}, #{birth})
    </insert>

    <delete id="delete" parameterType="int">
        DELETE  from my_user where pid = #{pid}
    </delete>

    <select id="getUser" parameterType="int" resultType="user">
        select * from my_user t where t.pid = #{pid}
    </select>

    <select id="listUser" resultType="user">
        select * from my_user
    </select>
</mapper>
